,time,cloudCover,sunriseTime,sunsetTime,temperatureHigh,temperatureLow,temperatureMin,temperatureMax,visibility,longitude,latitude
0,1514761200.0,0.85,31578.0,59698.0,45.79,40.07,41.99,48.7,5.98,6.0221493,52.2132321
1,1514847600.0,0.84,31568.0,59762.0,44.31,42.49,40.07,44.31,5.96,6.0221493,52.2132321
2,1514934000.0,0.78,31555.0,59830.0,48.73,44.8,43.31,49.74,5.55,6.0221493,52.2132321
3,1515020400.0,0.92,31539.0,59900.0,49.16,40.96,44.4,49.16,4.96,6.0221493,52.2132321
4,1515106800.0,0.87,31519.0,59973.0,46.26,38.73,40.69,46.26,6.06,6.0221493,52.2132321
5,1515193200.0,0.95,31495.0,60048.0,43.5,32.85,36.5,43.5,5.78,6.0221493,52.2132321
6,1515279600.0,0.82,31469.0,60126.0,36.16,29.5,30.81,36.71,6.22,6.0221493,52.2132321
7,1515366000.0,0.79,31439.0,60206.0,38.55,31.98,29.5,38.55,6.22,6.0221493,52.2132321
8,1515452400.0,0.98,31406.0,60288.0,38.47,40.08,31.98,41.56,5.9,6.0221493,52.2132321
9,1515538800.0,0.85,31370.0,60373.0,45.85,41.54,42.04,45.85,5.88,6.0221493,52.2132321
10,1515625200.0,0.93,31330.0,60460.0,46.43,37.77,37.77,46.43,1.97,6.0221493,52.2132321
11,1515711600.0,0.99,31288.0,60549.0,40.76,38.88,37.85,40.76,2.63,6.0221493,52.2132321
12,1515798000.0,0.98,31242.0,60640.0,42.85,35.81,38.54,42.85,3.39,6.0221493,52.2132321
13,1515884400.0,0.86,31194.0,60732.0,40.4,33.8,33.8,40.4,6.01,6.0221493,52.2132321
14,1515970800.0,0.87,31142.0,60827.0,43.21,41.21,33.91,44.54,5.48,6.0221493,52.2132321
15,1516057200.0,0.77,31088.0,60923.0,42.13,34.75,37.05,43.99,6.22,6.0221493,52.2132321
16,1516143600.0,0.78,31030.0,61021.0,40.5,37.63,34.75,40.62,5.85,6.0221493,52.2132321
17,1516230000.0,0.83,30970.0,61120.0,48.67,34.66,34.8,48.67,5.8,6.0221493,52.2132321
18,1516316400.0,0.71,30907.0,61221.0,42.13,33.76,34.66,42.13,5.38,6.0221493,52.2132321
19,1516402800.0,0.86,30842.0,61323.0,38.2,32.75,33.76,38.2,4.85,6.0221493,52.2132321
20,1516489200.0,0.78,30774.0,61426.0,43.22,35.95,32.75,43.22,5.84,6.0221493,52.2132321
21,1516575600.0,0.94,30703.0,61531.0,46.35,42.12,35.95,46.35,4.36,6.0221493,52.2132321
22,1516662000.0,0.98,30630.0,61636.0,48.62,48.3,42.12,50.1,5.32,6.0221493,52.2132321
23,1516748400.0,0.98,30554.0,61743.0,57.09,44.8,46.9,57.09,5.49,6.0221493,52.2132321
24,1516834800.0,0.88,30475.0,61851.0,48.47,39.58,44.02,48.47,6.22,6.0221493,52.2132321
25,1516921200.0,0.95,30395.0,61959.0,44.16,40.01,39.58,44.16,1.92,6.0221493,52.2132321
26,1517007600.0,0.92,30312.0,62068.0,44.28,41.44,40.01,44.28,4.72,6.0221493,52.2132321
27,1517094000.0,0.95,30227.0,62178.0,51.37,49.62,42.0,51.37,4.47,6.0221493,52.2132321
28,1517180400.0,0.94,30139.0,62289.0,50.63,35.95,41.42,51.05,5.59,6.0221493,52.2132321
29,1517266800.0,0.86,30050.0,62400.0,45.31,36.54,35.95,45.31,5.36,6.0221493,52.2132321
30,1517353200.0,0.83,29958.0,62511.0,48.42,34.48,35.51,48.42,4.82,6.0221493,52.2132321
31,1517439600.0,0.68,29864.0,62623.0,38.8,36.69,34.48,38.8,6.03,6.0221493,52.2132321
32,1517526000.0,0.73,29768.0,62736.0,43.35,34.32,37.47,43.35,5.58,6.0221493,52.2132321
33,1517612400.0,0.92,29671.0,62848.0,40.3,31.38,32.43,40.3,5.54,6.0221493,52.2132321
34,1517698800.0,0.93,29571.0,62961.0,36.75,33.82,31.38,36.75,6.22,6.0221493,52.2132321
35,1517785200.0,0.79,29469.0,63075.0,37.22,24.6,29.32,37.22,6.14,6.0221493,52.2132321
36,1517871600.0,0.77,29366.0,63188.0,33.94,21.32,24.6,33.94,5.36,6.0221493,52.2132321
37,1517958000.0,0.71,29261.0,63302.0,35.21,21.07,21.32,35.21,6.22,6.0221493,52.2132321
38,1518044400.0,0.72,29154.0,63415.0,38.84,28.25,21.07,38.84,5.9,6.0221493,52.2132321
39,1518130800.0,0.98,29046.0,63529.0,36.5,33.01,28.25,36.5,5.98,6.0221493,52.2132321
40,1518217200.0,0.99,28936.0,63642.0,41.21,34.69,33.19,41.21,3.01,6.0221493,52.2132321
41,1518303600.0,0.65,28824.0,63756.0,44.13,33.27,34.3,44.13,5.37,6.0221493,52.2132321
42,1518390000.0,0.6,28711.0,63870.0,41.19,30.01,32.74,41.19,6.19,6.0221493,52.2132321
43,1518476400.0,0.61,28597.0,63983.0,43.2,28.43,30.01,43.2,6.22,6.0221493,52.2132321
44,1518562800.0,0.81,28481.0,64096.0,41.8,33.32,28.43,41.8,6.22,6.0221493,52.2132321
45,1518649200.0,0.87,28363.0,64209.0,44.6,32.44,33.32,44.6,3.25,6.0221493,52.2132321
46,1518735600.0,0.75,28245.0,64322.0,46.25,29.31,30.24,46.25,5.92,6.0221493,52.2132321
47,1518822000.0,0.91,28125.0,64435.0,44.35,26.77,28.65,44.35,6.03,6.0221493,52.2132321
48,1518908400.0,0.72,28003.0,64547.0,45.2,31.7,26.77,45.2,4.78,6.0221493,52.2132321
49,1518994800.0,0.99,27881.0,64659.0,39.87,26.8,31.7,39.87,4.96,6.0221493,52.2132321
50,1519081200.0,0.87,27757.0,64771.0,41.65,25.61,26.8,41.65,4.14,6.0221493,52.2132321
51,1519167600.0,0.73,27633.0,64883.0,40.33,26.15,25.61,40.33,4.55,6.0221493,52.2132321
52,1519254000.0,0.72,27507.0,64994.0,39.22,27.32,26.15,39.22,6.03,6.0221493,52.2132321
53,1519340400.0,0.75,27380.0,65105.0,37.91,25.85,27.32,37.91,4.67,6.0221493,52.2132321
54,1519426800.0,0.71,27252.0,65216.0,37.39,22.8,25.85,37.39,6.22,6.0221493,52.2132321
55,1519513200.0,0.64,27123.0,65326.0,33.67,21.65,22.8,33.67,6.22,6.0221493,52.2132321
56,1519599600.0,0.73,26993.0,65436.0,31.26,19.71,21.65,31.26,6.22,6.0221493,52.2132321
57,1519686000.0,0.69,26862.0,65546.0,31.76,19.7,19.71,31.76,6.03,6.0221493,52.2132321
58,1519772400.0,0.82,26731.0,65655.0,22.43,16.8,17.03,22.43,6.04,6.0221493,52.2132321
59,1519858800.0,0.99,26598.0,65764.0,29.23,17.86,16.8,29.23,6.22,6.0221493,52.2132321
60,1519945200.0,0.97,26465.0,65873.0,30.87,22.46,17.86,30.87,6.22,6.0221493,52.2132321
61,1520031600.0,0.95,26331.0,65981.0,33.39,27.7,22.46,33.39,5.11,6.0221493,52.2132321
62,1520118000.0,0.93,26197.0,66089.0,52.04,39.23,27.7,52.04,4.19,6.0221493,52.2132321
63,1520204400.0,0.86,26062.0,66197.0,53.79,37.36,39.23,53.79,6.16,6.0221493,52.2132321
64,1520290800.0,0.98,25926.0,66304.0,52.83,31.27,37.36,52.83,6.09,6.0221493,52.2132321
65,1520377200.0,0.85,25789.0,66411.0,50.58,36.44,31.27,50.58,3.65,6.0221493,52.2132321
66,1520463600.0,0.81,25652.0,66518.0,45.27,36.42,36.44,45.27,5.23,6.0221493,52.2132321
67,1520550000.0,0.82,25515.0,66624.0,49.94,43.49,36.42,49.94,5.9,6.0221493,52.2132321
68,1520636400.0,0.81,25377.0,66730.0,59.61,47.32,43.49,59.61,4.08,6.0221493,52.2132321
69,1520722800.0,0.89,25238.0,66836.0,56.74,46.76,47.32,56.74,4.59,6.0221493,52.2132321
70,1520809200.0,0.92,25099.0,66941.0,59.34,44.93,46.76,59.34,6.22,6.0221493,52.2132321
71,1520895600.0,0.77,24960.0,67047.0,45.2,34.02,40.16,48.42,4.68,6.0221493,52.2132321
72,1520982000.0,0.63,24820.0,67152.0,50.81,36.17,34.02,50.81,5.32,6.0221493,52.2132321
73,1521068400.0,0.99,24680.0,67257.0,51.11,39.69,36.17,51.11,6.09,6.0221493,52.2132321
74,1521154800.0,0.89,24540.0,67361.0,39.69,26.86,32.35,43.3,3.86,6.0221493,52.2132321
75,1521241200.0,0.99,24400.0,67466.0,30.86,25.99,26.86,31.81,6.22,6.0221493,52.2132321
76,1521327600.0,0.94,24259.0,67570.0,40.34,24.87,25.99,42.53,6.22,6.0221493,52.2132321
77,1521414000.0,0.78,24118.0,67674.0,40.29,27.18,24.87,40.29,6.22,6.0221493,52.2132321
78,1521500400.0,0.78,23977.0,67778.0,47.43,30.15,27.18,47.43,6.09,6.0221493,52.2132321
79,1521586800.0,0.98,23836.0,67881.0,45.74,36.03,30.15,45.74,3.6,6.0221493,52.2132321
80,1521673200.0,0.85,23695.0,67985.0,48.12,40.07,38.04,48.12,4.33,6.0221493,52.2132321
81,1521759600.0,0.97,23554.0,68088.0,45.03,41.08,40.36,45.03,4.69,6.0221493,52.2132321
82,1521846000.0,0.84,23413.0,68192.0,54.14,32.87,38.36,54.14,6.19,6.0221493,52.2132321
83,1521932400.0,0.84,23272.0,68295.0,53.5,34.04,32.87,53.5,4.98,6.0221493,52.2132321
84,1522015200.0,0.84,26736.0,71993.0,48.2,35.51,34.04,48.2,1.35,6.0221493,52.2132321
85,1522101600.0,0.98,26595.0,72096.0,49.74,43.29,35.51,49.74,2.9,6.0221493,52.2132321
86,1522188000.0,0.84,26454.0,72199.0,47.17,37.6,37.6,47.17,3.28,6.0221493,52.2132321
87,1522274400.0,0.88,26314.0,72302.0,48.55,40.3,38.16,48.55,5.12,6.0221493,52.2132321
88,1522360800.0,0.97,26174.0,72405.0,57.38,38.53,40.3,57.38,5.93,6.0221493,52.2132321
89,1522447200.0,0.86,26033.0,72508.0,54.27,40.51,38.53,54.27,4.75,6.0221493,52.2132321
90,1522533600.0,0.95,25893.0,72611.0,46.38,34.98,39.36,46.38,4.51,6.0221493,52.2132321
91,1522620000.0,0.96,25754.0,72714.0,53.71,48.68,34.98,53.71,4.23,6.0221493,52.2132321
92,1522706400.0,0.93,25615.0,72817.0,63.4,46.24,48.68,63.4,6.22,6.0221493,52.2132321
93,1522792800.0,0.88,25476.0,72920.0,58.19,45.38,46.24,58.19,5.96,6.0221493,52.2132321
94,1522879200.0,0.81,25337.0,73023.0,47.19,32.35,37.93,48.5,6.22,6.0221493,52.2132321
95,1522965600.0,0.93,25199.0,73126.0,60.33,46.22,32.35,60.33,6.22,6.0221493,52.2132321
96,1523052000.0,0.99,25062.0,73229.0,71.85,45.76,46.22,71.85,6.22,6.0221493,52.2132321
97,1523138400.0,0.94,24925.0,73333.0,74.28,48.91,45.76,74.28,6.04,6.0221493,52.2132321
98,1523224800.0,0.98,24788.0,73436.0,64.22,53.74,48.91,64.22,4.88,6.0221493,52.2132321
99,1523311200.0,0.99,24653.0,73539.0,70.69,47.63,53.74,70.69,5.15,6.0221493,52.2132321
100,1523397600.0,0.87,24517.0,73642.0,64.96,46.27,47.63,64.96,5.01,6.0221493,52.2132321
101,1523484000.0,0.81,24383.0,73746.0,59.82,42.7,46.27,59.82,4.18,6.0221493,52.2132321
102,1523570400.0,0.97,24249.0,73849.0,61.3,45.98,42.7,61.3,3.5,6.0221493,52.2132321
103,1523656800.0,0.98,24115.0,73953.0,60.48,48.86,45.98,60.48,4.23,6.0221493,52.2132321
104,1523743200.0,0.88,23983.0,74056.0,63.56,50.25,48.86,63.56,4.36,6.0221493,52.2132321
105,1523829600.0,0.8,23851.0,74160.0,62.79,41.09,48.45,62.79,5.87,6.0221493,52.2132321
106,1523916000.0,0.84,23720.0,74264.0,70.59,44.97,41.09,70.59,6.22,6.0221493,52.2132321
107,1524002400.0,0.87,23590.0,74367.0,78.78,52.16,44.97,78.78,6.22,6.0221493,52.2132321
108,1524088800.0,0.79,23461.0,74471.0,85.79,55.97,52.16,85.79,6.16,6.0221493,52.2132321
109,1524175200.0,0.74,23333.0,74575.0,82.33,50.63,55.97,82.33,6.22,6.0221493,52.2132321
110,1524261600.0,0.84,23206.0,74679.0,73.24,50.15,50.63,73.24,4.83,6.0221493,52.2132321
111,1524348000.0,0.71,23079.0,74782.0,81.93,52.48,50.15,81.93,5.54,6.0221493,52.2132321
112,1524434400.0,0.82,22954.0,74886.0,62.54,48.87,50.77,62.54,5.97,6.0221493,52.2132321
113,1524520800.0,0.96,22830.0,74989.0,59.3,51.87,48.87,59.3,6.22,6.0221493,52.2132321
114,1524607200.0,0.83,22707.0,75093.0,57.2,46.75,51.03,57.2,5.96,6.0221493,52.2132321
115,1524693600.0,0.78,22585.0,75196.0,57.13,42.53,46.75,57.13,5.94,6.0221493,52.2132321
116,1524780000.0,0.91,22464.0,75300.0,60.37,48.66,42.53,60.37,6.22,6.0221493,52.2132321
117,1524866400.0,0.92,22345.0,75403.0,59.39,41.8,48.66,59.39,6.22,6.0221493,52.2132321
118,1524952800.0,0.84,22227.0,75506.0,58.94,49.32,41.8,58.94,3.67,6.0221493,52.2132321
119,1525039200.0,0.85,22110.0,75608.0,55.42,42.24,43.22,55.42,4.8,6.0221493,52.2132321
120,1525125600.0,0.8,21994.0,75711.0,54.81,40.28,42.24,54.81,5.9,6.0221493,52.2132321
121,1525212000.0,0.82,21880.0,75813.0,63.91,42.39,40.28,63.91,6.19,6.0221493,52.2132321
122,1525298400.0,0.65,21767.0,75915.0,61.04,38.68,42.39,61.04,6.22,6.0221493,52.2132321
123,1525384800.0,0.63,21656.0,76017.0,67.01,43.75,38.68,67.01,6.22,6.0221493,52.2132321
124,1525471200.0,0.64,21547.0,76118.0,72.96,46.8,43.75,72.96,6.22,6.0221493,52.2132321
125,1525557600.0,0.63,21438.0,76219.0,79.81,51.23,46.8,79.81,6.22,6.0221493,52.2132321
126,1525644000.0,0.63,21332.0,76319.0,80.63,53.57,51.23,80.63,6.22,6.0221493,52.2132321
127,1525730400.0,0.63,21227.0,76418.0,83.57,53.93,53.57,83.57,6.22,6.0221493,52.2132321
128,1525816800.0,0.67,21124.0,76518.0,83.96,54.11,53.93,83.96,6.14,6.0221493,52.2132321
129,1525903200.0,0.87,21022.0,76616.0,61.34,42.45,51.37,62.44,5.18,6.0221493,52.2132321
130,1525989600.0,0.75,20923.0,76714.0,66.24,49.99,42.45,66.24,5.82,6.0221493,52.2132321
131,1526076000.0,0.9,20825.0,76811.0,75.19,59.0,49.99,75.19,6.22,6.0221493,52.2132321
132,1526162400.0,0.87,20729.0,76907.0,64.4,53.59,53.59,64.4,4.15,6.0221493,52.2132321
133,1526248800.0,0.76,20635.0,77003.0,78.81,55.4,53.59,78.81,3.92,6.0221493,52.2132321
134,1526335200.0,0.67,20543.0,77097.0,75.19,53.59,55.4,75.19,6.22,6.0221493,52.2132321
135,1526421600.0,0.88,20453.0,77191.0,73.39,46.41,53.59,73.39,6.22,6.0221493,52.2132321
136,1526508000.0,0.88,20365.0,77284.0,59.0,35.59,46.41,59.0,6.22,6.0221493,52.2132321
137,1526594400.0,0.9,20279.0,77375.0,59.0,46.41,35.59,59.0,6.22,6.0221493,52.2132321
138,1526680800.0,0.82,20196.0,77465.0,57.26,39.75,46.41,57.26,6.5,6.0221493,52.2132321
139,1526767200.0,0.11,20114.0,77554.0,74.68,53.82,39.75,74.68,8.08,6.0221493,52.2132321
140,1526853600.0,0.27,20035.0,77642.0,77.16,57.57,53.82,77.16,9.22,6.0221493,52.2132321
141,1526940000.0,0.9,19959.0,77729.0,76.84,58.75,57.57,76.84,7.41,6.0221493,52.2132321
142,1527026400.0,0.91,19884.0,77814.0,76.04,57.93,58.75,76.04,8.84,6.0221493,52.2132321
143,1527112800.0,0.83,19812.0,77897.0,72.35,60.1,57.93,72.35,7.9,6.0221493,52.2132321
144,1527199200.0,0.79,19743.0,77979.0,76.51,60.75,60.1,76.51,7.19,6.0221493,52.2132321
145,1527285600.0,0.9,19676.0,78059.0,82.98,62.82,60.75,82.98,8.56,6.0221493,52.2132321
146,1527372000.0,0.71,19612.0,78137.0,80.64,60.69,62.82,80.64,8.9,6.0221493,52.2132321
147,1527458400.0,0.75,19550.0,78214.0,84.83,66.19,60.69,84.83,10.0,6.0221493,52.2132321
148,1527544800.0,0.87,19491.0,78289.0,86.94,62.21,65.66,86.94,8.12,6.0221493,52.2132321
149,1527631200.0,0.62,19435.0,78362.0,81.04,64.33,62.21,81.04,7.91,6.0221493,52.2132321
150,1527717600.0,0.78,19381.0,78432.0,78.62,59.6,64.33,78.62,6.31,6.0221493,52.2132321
151,1527804000.0,0.88,19330.0,78501.0,74.99,58.96,59.6,74.99,6.96,6.0221493,52.2132321
152,1527890400.0,0.99,19282.0,78568.0,66.93,60.24,58.96,66.93,7.0,6.0221493,52.2132321
153,1527976800.0,0.79,19237.0,78632.0,74.4,59.81,60.24,74.4,7.74,6.0221493,52.2132321
154,1528063200.0,0.7,19195.0,78694.0,73.77,58.09,59.81,73.77,7.47,6.0221493,52.2132321
155,1528149600.0,0.61,19156.0,78753.0,72.98,53.47,58.09,72.98,9.1,6.0221493,52.2132321
156,1528236000.0,0.04,19119.0,78811.0,82.0,58.11,53.47,82.0,9.0,6.0221493,52.2132321
157,1528322400.0,0.5,19086.0,78865.0,84.2,62.67,58.11,84.2,9.46,6.0221493,52.2132321
158,1528408800.0,0.95,19056.0,78917.0,70.06,60.46,62.67,70.06,6.38,6.0221493,52.2132321
159,1528495200.0,0.79,19029.0,78967.0,79.06,58.17,60.46,79.06,8.55,6.0221493,52.2132321
160,1528581600.0,0.61,19005.0,79013.0,75.09,52.14,58.17,75.09,8.58,6.0221493,52.2132321
161,1528668000.0,0.57,18984.0,79057.0,73.1,53.14,52.14,73.1,9.22,6.0221493,52.2132321
162,1528754400.0,0.78,18966.0,79098.0,64.16,53.23,53.14,64.16,9.22,6.0221493,52.2132321
163,1528840800.0,0.86,18952.0,79136.0,63.71,49.3,51.86,63.71,9.19,6.0221493,52.2132321
164,1528927200.0,0.87,18940.0,79172.0,66.59,56.71,49.3,66.59,8.4,6.0221493,52.2132321
165,1529013600.0,0.79,18932.0,79204.0,72.91,56.51,56.71,72.91,8.15,6.0221493,52.2132321
166,1529100000.0,0.91,18927.0,79233.0,73.32,55.25,56.51,73.32,8.9,6.0221493,52.2132321
167,1529186400.0,0.81,18925.0,79260.0,64.6,55.47,55.25,64.6,9.12,6.0221493,52.2132321
168,1529272800.0,0.87,18926.0,79283.0,66.69,58.53,55.47,66.99,10.0,6.0221493,52.2132321
169,1529359200.0,0.8,18930.0,79303.0,69.35,57.96,58.53,69.35,10.0,6.0221493,52.2132321
170,1529445600.0,0.3,18938.0,79320.0,80.27,55.46,57.96,80.27,10.0,6.0221493,52.2132321
171,1529532000.0,0.43,18949.0,79334.0,63.0,50.6,53.65,63.0,10.0,6.0221493,52.2132321
172,1529618400.0,0.57,18962.0,79344.0,59.5,50.28,50.6,59.5,10.0,6.0221493,52.2132321
173,1529704800.0,0.85,18979.0,79352.0,61.69,50.7,50.28,61.69,10.0,6.0221493,52.2132321
174,1529791200.0,0.58,18999.0,79356.0,65.82,47.55,50.7,65.82,10.0,6.0221493,52.2132321
175,1529877600.0,0.07,19022.0,79357.0,73.22,52.35,47.55,73.22,10.0,6.0221493,52.2132321
176,1529964000.0,0.05,19048.0,79355.0,78.13,57.9,52.35,78.13,10.0,6.0221493,52.2132321
177,1530050400.0,0.03,19077.0,79349.0,82.4,62.41,57.9,82.4,10.0,6.0221493,52.2132321
178,1530136800.0,0.66,19109.0,79340.0,62.86,62.52,62.18,63.02,0.0,6.0221493,52.2132321
179,1530223200.0,0.66,19143.0,79329.0,62.97,62.63,62.29,63.13,0.0,6.0221493,52.2132321
180,1530309600.0,0.66,19181.0,79313.0,63.07,62.73,62.39,63.24,0.0,6.0221493,52.2132321
181,1530396000.0,0.66,19221.0,79295.0,63.17,62.83,62.5,63.34,0.0,6.0221493,52.2132321
182,1530482400.0,0.66,19264.0,79274.0,63.27,62.93,62.6,63.44,0.0,6.0221493,52.2132321
183,1530568800.0,0.66,19310.0,79249.0,63.37,63.02,62.69,63.54,0.0,6.0221493,52.2132321
184,1530655200.0,0.66,19358.0,79221.0,63.46,63.11,62.78,63.63,0.0,6.0221493,52.2132321
185,1530741600.0,0.66,19409.0,79190.0,63.55,63.2,62.87,63.72,0.0,6.0221493,52.2132321
186,1530828000.0,0.66,19462.0,79156.0,63.63,63.29,62.96,63.81,0.0,6.0221493,52.2132321
187,1530914400.0,0.66,19518.0,79119.0,63.72,63.37,63.05,63.89,0.0,6.0221493,52.2132321
188,1531000800.0,0.66,19576.0,79079.0,63.8,63.44,63.13,63.98,0.0,6.0221493,52.2132321
189,1531087200.0,0.66,19637.0,79036.0,63.87,63.52,63.2,64.05,0.0,6.0221493,52.2132321
190,1531173600.0,0.66,19699.0,78990.0,63.94,63.59,63.28,64.13,0.0,6.0221493,52.2132321
191,1531260000.0,0.66,19764.0,78941.0,64.01,63.66,63.35,64.2,0.0,6.0221493,52.2132321
192,1531346400.0,0.66,19831.0,78890.0,64.08,63.72,63.41,64.27,0.0,6.0221493,52.2132321
193,1531432800.0,0.66,19900.0,78835.0,64.14,63.78,63.48,64.33,0.0,6.0221493,52.2132321
194,1531519200.0,0.66,19970.0,78778.0,64.2,63.84,63.53,64.39,0.0,6.0221493,52.2132321
195,1531605600.0,0.66,20043.0,78718.0,64.25,63.89,63.59,64.45,0.0,6.0221493,52.2132321
196,1531692000.0,0.66,20117.0,78655.0,64.3,63.94,63.64,64.5,0.0,6.0221493,52.2132321
197,1531778400.0,0.66,20194.0,78589.0,64.35,63.98,63.69,64.55,0.0,6.0221493,52.2132321
198,1531864800.0,0.66,20271.0,78522.0,64.39,64.02,63.74,64.59,0.0,6.0221493,52.2132321
199,1531951200.0,0.66,20351.0,78451.0,64.43,64.06,63.78,64.64,0.0,6.0221493,52.2132321
200,1532037600.0,0.66,20431.0,78378.0,64.47,64.09,63.81,64.67,0.0,6.0221493,52.2132321
201,1532124000.0,0.66,20514.0,78303.0,64.5,64.12,63.85,64.71,0.0,6.0221493,52.2132321
202,1532210400.0,0.66,20597.0,78225.0,64.53,64.15,63.87,64.74,0.0,6.0221493,52.2132321
203,1532296800.0,0.66,20682.0,78144.0,64.55,64.17,63.9,64.76,0.0,6.0221493,52.2132321
204,1532383200.0,0.66,20768.0,78062.0,64.57,64.19,63.92,64.78,0.0,6.0221493,52.2132321
205,1532469600.0,0.65,20856.0,77977.0,64.59,64.2,63.94,64.8,0.0,6.0221493,52.2132321
206,1532556000.0,0.65,20944.0,77890.0,64.6,64.21,63.95,64.81,0.0,6.0221493,52.2132321
207,1532642400.0,0.65,21033.0,77801.0,64.6,64.21,63.96,64.82,0.0,6.0221493,52.2132321
208,1532728800.0,0.65,21124.0,77710.0,64.61,64.21,63.96,64.83,0.0,6.0221493,52.2132321
209,1532815200.0,0.65,21215.0,77617.0,64.6,64.2,63.96,64.83,0.0,6.0221493,52.2132321
210,1532901600.0,0.65,21307.0,77522.0,64.6,64.19,63.95,64.82,0.0,6.0221493,52.2132321
211,1532988000.0,0.65,21400.0,77425.0,64.59,64.18,63.94,64.82,0.0,6.0221493,52.2132321
212,1533074400.0,0.65,21493.0,77326.0,64.57,64.16,63.93,64.8,0.0,6.0221493,52.2132321
213,1533160800.0,0.65,21587.0,77225.0,64.55,64.14,63.91,64.78,0.0,6.0221493,52.2132321
214,1533247200.0,0.65,21682.0,77122.0,64.53,64.11,63.89,64.76,0.0,6.0221493,52.2132321
215,1533333600.0,0.65,21777.0,77018.0,64.5,64.08,63.86,64.74,0.0,6.0221493,52.2132321
216,1533420000.0,0.65,21873.0,76912.0,64.46,64.04,63.83,64.71,0.0,6.0221493,52.2132321
217,1533506400.0,0.65,21970.0,76804.0,64.43,64.0,63.79,64.67,0.0,6.0221493,52.2132321
218,1533592800.0,0.64,22066.0,76695.0,64.38,63.95,63.75,64.63,0.0,6.0221493,52.2132321
219,1533679200.0,0.64,22164.0,76584.0,64.33,63.9,63.7,64.58,0.0,6.0221493,52.2132321
220,1533765600.0,0.64,22261.0,76472.0,64.28,63.85,63.65,64.53,0.0,6.0221493,52.2132321
221,1533852000.0,0.64,22359.0,76358.0,64.22,63.79,63.59,64.48,0.0,6.0221493,52.2132321
222,1533938400.0,0.64,22457.0,76243.0,64.16,63.72,63.53,64.42,0.0,6.0221493,52.2132321
223,1534024800.0,0.64,22555.0,76126.0,64.1,63.65,63.47,64.35,0.0,6.0221493,52.2132321
224,1534111200.0,0.64,22654.0,76008.0,64.02,63.58,63.4,64.29,0.0,6.0221493,52.2132321
225,1534197600.0,0.64,22752.0,75888.0,63.95,63.5,63.32,64.21,0.0,6.0221493,52.2132321
226,1534284000.0,0.64,22851.0,75768.0,63.87,63.41,63.24,64.13,0.0,6.0221493,52.2132321
227,1534370400.0,0.64,22950.0,75646.0,63.78,63.32,63.16,64.05,0.0,6.0221493,52.2132321
228,1534456800.0,0.64,23049.0,75523.0,63.69,63.23,63.07,63.96,0.0,6.0221493,52.2132321
229,1534543200.0,0.64,23148.0,75399.0,63.59,63.13,62.97,63.87,0.0,6.0221493,52.2132321
230,1534629600.0,0.64,23247.0,75273.0,63.49,63.02,62.88,63.77,0.0,6.0221493,52.2132321
231,1534716000.0,0.63,23346.0,75147.0,63.39,62.91,62.77,63.67,0.0,6.0221493,52.2132321
232,1534802400.0,0.63,23445.0,75019.0,63.28,62.8,62.66,63.56,0.0,6.0221493,52.2132321
233,1534888800.0,0.63,23544.0,74891.0,63.16,62.68,62.55,63.45,0.0,6.0221493,52.2132321
234,1534975200.0,0.63,23643.0,74762.0,63.04,62.56,62.43,63.33,0.0,6.0221493,52.2132321
235,1535061600.0,0.63,23742.0,74631.0,62.92,62.43,62.31,63.21,0.0,6.0221493,52.2132321
236,1535148000.0,0.63,23841.0,74500.0,62.79,62.3,62.18,63.08,0.0,6.0221493,52.2132321
237,1535234400.0,0.63,23940.0,74368.0,62.66,62.16,62.05,62.95,0.0,6.0221493,52.2132321
238,1535320800.0,0.63,24038.0,74235.0,62.52,62.02,61.91,62.81,0.0,6.0221493,52.2132321
239,1535407200.0,0.63,24137.0,74101.0,62.37,61.87,61.77,62.67,0.0,6.0221493,52.2132321
240,1535493600.0,0.63,24236.0,73967.0,62.23,61.72,61.62,62.53,0.0,6.0221493,52.2132321
241,1535580000.0,0.63,24334.0,73832.0,62.07,61.56,61.47,62.38,0.0,6.0221493,52.2132321
242,1535666400.0,0.63,24433.0,73696.0,61.92,61.4,61.32,62.23,0.0,6.0221493,52.2132321
243,1535752800.0,0.63,24531.0,73560.0,61.76,61.24,61.16,62.07,0.0,6.0221493,52.2132321
244,1535839200.0,0.63,24630.0,73422.0,61.59,61.07,60.99,61.91,0.0,6.0221493,52.2132321
245,1535925600.0,0.63,24728.0,73285.0,61.42,60.9,60.82,61.74,0.0,6.0221493,52.2132321
246,1536012000.0,0.63,24826.0,73147.0,61.25,60.72,60.65,61.57,0.0,6.0221493,52.2132321
247,1536098400.0,0.63,24924.0,73008.0,61.07,60.54,60.47,61.39,0.0,6.0221493,52.2132321
248,1536184800.0,0.63,25022.0,72869.0,60.89,60.35,60.29,61.21,0.0,6.0221493,52.2132321
249,1536271200.0,0.63,25120.0,72729.0,60.7,60.16,60.11,61.03,0.0,6.0221493,52.2132321
250,1536357600.0,0.63,25218.0,72589.0,60.51,59.97,59.92,60.84,0.0,6.0221493,52.2132321
251,1536444000.0,0.63,25316.0,72448.0,60.32,59.77,59.72,60.65,0.0,6.0221493,52.2132321
252,1536530400.0,0.63,25414.0,72307.0,60.12,59.57,59.53,60.45,0.0,6.0221493,52.2132321
253,1536616800.0,0.63,25512.0,72166.0,59.92,59.36,59.33,60.26,0.0,6.0221493,52.2132321
254,1536703200.0,0.63,25610.0,72025.0,59.71,59.16,59.12,60.05,0.0,6.0221493,52.2132321
255,1536789600.0,0.63,25708.0,71883.0,59.5,58.94,58.91,59.85,0.0,6.0221493,52.2132321
256,1536876000.0,0.63,25805.0,71741.0,59.29,58.73,58.7,59.64,0.0,6.0221493,52.2132321
257,1536962400.0,0.63,25903.0,71599.0,59.07,58.51,58.49,59.42,0.0,6.0221493,52.2132321
258,1537048800.0,0.63,26001.0,71457.0,58.85,58.29,58.27,59.2,0.0,6.0221493,52.2132321
259,1537135200.0,0.63,26099.0,71314.0,58.63,58.06,58.05,58.98,0.0,6.0221493,52.2132321
260,1537221600.0,0.63,26197.0,71172.0,58.41,57.83,57.82,58.76,0.0,6.0221493,52.2132321
261,1537308000.0,0.63,26295.0,71029.0,58.18,57.6,57.59,58.53,0.0,6.0221493,52.2132321
262,1537394400.0,0.64,26393.0,70887.0,57.95,57.37,57.36,58.31,0.0,6.0221493,52.2132321
263,1537480800.0,0.64,26492.0,70744.0,57.72,57.13,57.13,58.07,0.0,6.0221493,52.2132321
264,1537567200.0,0.64,26590.0,70602.0,57.48,56.89,56.89,57.84,0.0,6.0221493,52.2132321
265,1537653600.0,0.64,26689.0,70459.0,57.24,56.65,56.66,57.6,0.0,6.0221493,52.2132321
266,1537740000.0,0.64,26788.0,70317.0,57.0,56.41,56.41,57.36,0.0,6.0221493,52.2132321
267,1537826400.0,0.64,26886.0,70175.0,56.76,56.16,56.17,57.12,0.0,6.0221493,52.2132321
268,1537912800.0,0.64,26986.0,70033.0,56.51,55.91,55.93,56.87,0.0,6.0221493,52.2132321
269,1537999200.0,0.64,27085.0,69891.0,56.26,55.66,55.68,56.63,0.0,6.0221493,52.2132321
270,1538085600.0,0.64,27184.0,69750.0,56.01,55.41,55.43,56.38,0.0,6.0221493,52.2132321
271,1538172000.0,0.65,27284.0,69608.0,55.76,55.16,55.18,56.13,0.0,6.0221493,52.2132321
272,1538258400.0,0.65,27384.0,69467.0,55.51,54.9,54.92,55.88,0.0,6.0221493,52.2132321
273,1538344800.0,0.65,27484.0,69327.0,55.25,54.64,54.67,55.62,0.0,6.0221493,52.2132321
274,1538431200.0,0.65,27585.0,69186.0,55.0,54.39,54.41,55.37,0.0,6.0221493,52.2132321
275,1538517600.0,0.65,27686.0,69047.0,54.74,54.13,54.16,55.11,0.0,6.0221493,52.2132321
276,1538604000.0,0.65,27787.0,68907.0,54.48,53.87,53.9,54.85,0.0,6.0221493,52.2132321
277,1538690400.0,0.65,27888.0,68768.0,54.22,53.6,53.64,54.59,0.0,6.0221493,52.2132321
278,1538776800.0,0.66,27990.0,68630.0,53.96,53.34,53.38,54.33,0.0,6.0221493,52.2132321
279,1538863200.0,0.66,28092.0,68492.0,53.7,53.08,53.12,54.07,0.0,6.0221493,52.2132321
280,1538949600.0,0.66,28194.0,68355.0,53.44,52.81,52.85,53.81,0.0,6.0221493,52.2132321
281,1539036000.0,0.66,28297.0,68218.0,53.17,52.55,52.59,53.55,0.0,6.0221493,52.2132321
282,1539122400.0,0.66,28400.0,68082.0,52.91,52.29,52.33,53.28,0.0,6.0221493,52.2132321
283,1539208800.0,0.66,28503.0,67947.0,52.65,52.02,52.06,53.02,0.0,6.0221493,52.2132321
284,1539295200.0,0.67,28607.0,67812.0,52.38,51.76,51.8,52.76,0.0,6.0221493,52.2132321
285,1539381600.0,0.67,28711.0,67678.0,52.12,51.49,51.53,52.49,0.0,6.0221493,52.2132321
286,1539468000.0,0.67,28816.0,67545.0,51.86,51.23,51.27,52.23,0.0,6.0221493,52.2132321
287,1539554400.0,0.67,28921.0,67413.0,51.59,50.96,51.01,51.96,0.0,6.0221493,52.2132321
288,1539640800.0,0.67,29026.0,67282.0,51.33,50.7,50.74,51.7,0.0,6.0221493,52.2132321
289,1539727200.0,0.68,29132.0,67151.0,51.07,50.44,50.48,51.44,0.0,6.0221493,52.2132321
290,1539813600.0,0.68,29238.0,67022.0,50.8,50.17,50.22,51.18,0.0,6.0221493,52.2132321
291,1539900000.0,0.68,29344.0,66893.0,50.54,49.91,49.96,50.91,0.0,6.0221493,52.2132321
292,1539986400.0,0.68,29451.0,66766.0,50.28,49.65,49.69,50.65,0.0,6.0221493,52.2132321
293,1540072800.0,0.68,29558.0,66640.0,50.02,49.39,49.43,50.39,0.0,6.0221493,52.2132321
294,1540159200.0,0.69,29665.0,66514.0,49.76,49.13,49.17,50.13,0.0,6.0221493,52.2132321
295,1540245600.0,0.69,29773.0,66390.0,49.5,48.87,48.92,49.87,0.0,6.0221493,52.2132321
296,1540332000.0,0.69,29881.0,66267.0,49.25,48.62,48.66,49.61,0.0,6.0221493,52.2132321
297,1540418400.0,0.69,29989.0,66145.0,48.99,48.36,48.4,49.36,0.0,6.0221493,52.2132321
298,1540504800.0,0.69,30098.0,66025.0,48.74,48.11,48.15,49.1,0.0,6.0221493,52.2132321
299,1540591200.0,0.7,30207.0,65906.0,48.48,47.71,47.89,48.85,0.0,6.0221493,52.2132321
300,1540677600.0,0.7,30316.0,65788.0,48.23,47.46,47.64,48.6,0.0,6.0221493,52.2132321
301,1540767600.0,0.7,26830.0,62067.0,47.98,47.21,47.39,48.35,0.0,6.0221493,52.2132321
302,1540854000.0,0.7,26939.0,61952.0,47.73,46.96,47.14,48.1,0.0,6.0221493,52.2132321
303,1540940400.0,0.71,27049.0,61839.0,47.49,46.72,46.9,47.85,0.0,6.0221493,52.2132321
304,1541026800.0,0.71,27158.0,61727.0,47.24,46.47,46.65,47.6,0.0,6.0221493,52.2132321
305,1541113200.0,0.71,27268.0,61616.0,47.0,46.23,46.41,47.36,0.0,6.0221493,52.2132321
306,1541199600.0,0.71,27378.0,61508.0,46.76,46.0,46.17,47.12,0.0,6.0221493,52.2132321
307,1541286000.0,0.71,27488.0,61401.0,46.52,45.76,45.93,46.88,0.0,6.0221493,52.2132321
308,1541372400.0,0.72,27597.0,61295.0,46.29,45.52,45.69,46.64,0.0,6.0221493,52.2132321
309,1541458800.0,0.72,27707.0,61192.0,46.05,45.29,45.46,46.41,0.0,6.0221493,52.2132321
310,1541545200.0,0.72,27817.0,61090.0,45.82,45.06,45.23,46.18,0.0,6.0221493,52.2132321
311,1541631600.0,0.72,27926.0,60990.0,45.59,44.84,45.0,45.95,0.0,6.0221493,52.2132321
312,1541718000.0,0.72,28035.0,60892.0,45.37,44.61,44.77,45.72,0.0,6.0221493,52.2132321
313,1541804400.0,0.72,28144.0,60796.0,45.14,44.39,44.55,45.49,0.0,6.0221493,52.2132321
314,1541890800.0,0.73,28253.0,60702.0,44.92,44.17,44.32,45.27,0.0,6.0221493,52.2132321
315,1541977200.0,0.73,28361.0,60611.0,44.7,43.95,44.1,45.05,0.0,6.0221493,52.2132321
316,1542063600.0,0.73,28468.0,60521.0,44.49,43.74,43.89,44.83,0.0,6.0221493,52.2132321
317,1542150000.0,0.73,28575.0,60433.0,44.27,43.53,43.67,44.62,0.0,6.0221493,52.2132321
318,1542236400.0,0.73,28682.0,60348.0,44.06,43.32,43.46,44.4,0.0,6.0221493,52.2132321
319,1542322800.0,0.74,28788.0,60265.0,43.85,43.11,43.25,44.19,0.0,6.0221493,52.2132321
320,1542409200.0,0.74,28893.0,60184.0,43.65,42.91,43.05,43.99,0.0,6.0221493,52.2132321
321,1542495600.0,0.74,28998.0,60106.0,43.44,42.71,42.84,43.78,0.0,6.0221493,52.2132321
322,1542582000.0,0.74,29101.0,60030.0,43.24,42.51,42.64,43.58,0.0,6.0221493,52.2132321
323,1542668400.0,0.74,29204.0,59956.0,43.05,42.32,42.45,43.38,0.0,6.0221493,52.2132321
324,1542754800.0,0.74,29305.0,59885.0,42.85,42.13,42.25,43.19,0.0,6.0221493,52.2132321
325,1542841200.0,0.74,29406.0,59817.0,42.66,41.94,42.06,43.0,0.0,6.0221493,52.2132321
326,1542927600.0,0.75,29505.0,59752.0,42.47,41.75,41.87,42.81,0.0,6.0221493,52.2132321
327,1543014000.0,0.75,29603.0,59689.0,42.29,41.57,41.69,42.62,0.0,6.0221493,52.2132321
328,1543100400.0,0.75,29699.0,59629.0,42.11,41.39,41.5,42.44,0.0,6.0221493,52.2132321
329,1543186800.0,0.75,29794.0,59571.0,41.93,41.22,41.32,42.26,0.0,6.0221493,52.2132321
330,1543273200.0,0.75,29888.0,59517.0,41.75,41.04,41.15,42.08,0.0,6.0221493,52.2132321
331,1543359600.0,0.75,29980.0,59466.0,41.58,40.87,40.97,41.9,0.0,6.0221493,52.2132321
332,1543446000.0,0.75,30070.0,59417.0,41.41,40.7,40.8,41.73,0.0,6.0221493,52.2132321
333,1543532400.0,0.75,30158.0,59372.0,41.24,40.54,40.63,41.56,0.0,6.0221493,52.2132321
334,1543618800.0,0.76,30245.0,59329.0,41.08,40.38,40.47,41.4,0.0,6.0221493,52.2132321
335,1543705200.0,0.76,30330.0,59290.0,40.92,40.22,40.31,41.23,0.0,6.0221493,52.2132321
336,1543791600.0,0.76,30412.0,59254.0,40.76,40.07,40.15,41.07,0.0,6.0221493,52.2132321
337,1543878000.0,0.76,30492.0,59221.0,40.6,39.91,39.99,40.92,0.0,6.0221493,52.2132321
338,1543964400.0,0.76,30570.0,59192.0,40.45,39.77,39.84,40.76,0.0,6.0221493,52.2132321
339,1544050800.0,0.76,30646.0,59166.0,40.3,39.62,39.69,40.61,0.0,6.0221493,52.2132321
340,1544137200.0,0.76,30720.0,59143.0,40.16,39.48,39.55,40.46,0.0,6.0221493,52.2132321
341,1544223600.0,0.76,30790.0,59123.0,40.01,39.34,39.4,40.32,0.0,6.0221493,52.2132321
342,1544310000.0,0.76,30859.0,59107.0,39.87,39.2,39.26,40.18,0.0,6.0221493,52.2132321
343,1544396400.0,0.76,30924.0,59094.0,39.74,39.07,39.12,40.04,0.0,6.0221493,52.2132321
344,1544482800.0,0.76,30987.0,59085.0,39.6,38.94,38.99,39.9,0.0,6.0221493,52.2132321
345,1544569200.0,0.76,31047.0,59079.0,39.47,38.81,38.86,39.77,0.0,6.0221493,52.2132321
346,1544655600.0,0.77,31104.0,59077.0,39.34,38.68,38.73,39.64,0.0,6.0221493,52.2132321
347,1544742000.0,0.77,31159.0,59078.0,39.22,38.56,38.61,39.52,0.0,6.0221493,52.2132321
348,1544828400.0,0.77,31210.0,59082.0,39.1,38.44,38.48,39.39,0.0,6.0221493,52.2132321
349,1544914800.0,0.77,31258.0,59091.0,38.98,38.33,38.36,39.27,0.0,6.0221493,52.2132321
350,1545001200.0,0.77,31303.0,59102.0,38.86,38.21,38.25,39.15,0.0,6.0221493,52.2132321
351,1545087600.0,0.77,31345.0,59117.0,38.75,38.1,38.14,39.04,0.0,6.0221493,52.2132321
352,1545174000.0,0.77,31384.0,59136.0,38.64,38.0,38.02,38.93,0.0,6.0221493,52.2132321
353,1545260400.0,0.77,31419.0,59158.0,38.54,37.89,37.92,38.82,0.0,6.0221493,52.2132321
354,1545346800.0,0.77,31451.0,59183.0,38.43,37.79,37.81,38.71,0.0,6.0221493,52.2132321
355,1545433200.0,0.77,31480.0,59212.0,38.33,37.7,37.71,38.61,0.0,6.0221493,52.2132321
356,1545519600.0,0.77,31506.0,59245.0,38.24,37.6,37.61,38.51,0.0,6.0221493,52.2132321
357,1545606000.0,0.77,31528.0,59281.0,38.14,37.51,37.52,38.41,0.0,6.0221493,52.2132321
358,1545692400.0,0.77,31546.0,59320.0,38.05,37.42,37.43,38.32,0.0,6.0221493,52.2132321
359,1545778800.0,0.77,31561.0,59362.0,37.96,37.34,37.34,38.23,0.0,6.0221493,52.2132321
360,1545865200.0,0.77,31573.0,59408.0,37.88,37.26,37.25,38.14,0.0,6.0221493,52.2132321
361,1545951600.0,0.77,31581.0,59456.0,37.8,37.18,37.17,38.06,0.0,6.0221493,52.2132321
362,1546038000.0,0.77,31586.0,59508.0,37.72,37.1,37.09,37.98,0.0,6.0221493,52.2132321
363,1546124400.0,0.77,31588.0,59563.0,37.64,37.03,37.01,37.9,0.0,6.0221493,52.2132321
364,1546210800.0,0.77,31585.0,59621.0,37.57,36.96,36.94,37.83,0.0,6.0221493,52.2132321
365,0.0,0.0,0.0,0.0,0.0,0.0,0.0,0.0,0.0,6.0221493,52.2132321
366,0.0,0.0,0.0,0.0,0.0,0.0,0.0,0.0,0.0,6.0221493,52.2132321
